<?xml version="1.0" encoding="UTF-8"?>
<project-private xmlns="http://www.netbeans.org/ns/project-private/1">
    <editor-bookmarks xmlns="http://www.netbeans.org/ns/editor-bookmarks/2" lastBookmarkId="0"/>
    <open-files xmlns="http://www.netbeans.org/ns/projectui-open-files/2">
        <group>
            <file>file:/D:/Temp/NetBeansProjects/humanSource/src/java/controller/adSalView.java</file>
            <file>file:/D:/Temp/NetBeansProjects/humanSource/src/java/controller/adLeaveView.java</file>
            <file>file:/D:/Temp/NetBeansProjects/humanSource/src/java/controller/adSearchLeave.java</file>
            <file>file:/D:/Temp/NetBeansProjects/humanSource/src/java/controller/adDutyView.java</file>
            <file>file:/D:/Temp/NetBeansProjects/humanSource/src/java/controller/adSearchDuty.java</file>
            <file>file:/D:/Temp/NetBeansProjects/humanSource/src/java/controller/workerInforView.java</file>
            <file>file:/D:/Temp/NetBeansProjects/humanSource/src/java/controller/loginDo.java</file>
            <file>file:/D:/Temp/NetBeansProjects/humanSource/src/java/controller/registerDo.java</file>
            <file>file:/D:/Temp/NetBeansProjects/humanSource/src/java/controller/adWorView.java</file>
            <file>file:/D:/Temp/NetBeansProjects/humanSource/src/java/model/AbstractFacade.java</file>
        </group>
    </open-files>
</project-private>
